{"cameraMode":{"drawMode":0,"name":"Shaded","section":"Shading Mode"},"sceneLighting":true,"audioPlay":false,"sceneViewState":{"m_AlwaysRefresh":false,"showFog":false,"showSkybox":true,"showFlares":false,"showImageEffects":false,"showParticleSystems":false,"showVisualEffectGraphs":true,"m_FxEnabled":true},"in2DMode":false,"pivot":{"x":4.610477447509766,"y":2.5334601402282717,"z":1.5326604843139649},"rotation":{"x":0.023317832499742509,"y":-0.9618547558784485,"z":0.25845086574554446,"w":0.08681365847587586},"size":26.830392837524415,"orthographic":true}